house,card_id,display_name,strength,image_path
Stark,STARK_01,Carta Stark 1,4,assets/cards/stark/STARK_01.png
Stark,STARK_02,Carta Stark 2,3,assets/cards/stark/STARK_02.png
Stark,STARK_03,Carta Stark 3,2,assets/cards/stark/STARK_03.png
Stark,STARK_04,Carta Stark 4,2,assets/cards/stark/STARK_04.png
Stark,STARK_05,Carta Stark 5,1,assets/cards/stark/STARK_05.png
Stark,STARK_06,Carta Stark 6,1,assets/cards/stark/STARK_06.png
Stark,STARK_07,Carta Stark 7,0,assets/cards/stark/STARK_07.png
Lannister,LANNISTER_01,Carta Lannister 1,4,assets/cards/lannister/LANNISTER_01.png
Lannister,LANNISTER_02,Carta Lannister 2,3,assets/cards/lannister/LANNISTER_02.png
Lannister,LANNISTER_03,Carta Lannister 3,2,assets/cards/lannister/LANNISTER_03.png
Lannister,LANNISTER_04,Carta Lannister 4,2,assets/cards/lannister/LANNISTER_04.png
Lannister,LANNISTER_05,Carta Lannister 5,1,assets/cards/lannister/LANNISTER_05.png
Lannister,LANNISTER_06,Carta Lannister 6,1,assets/cards/lannister/LANNISTER_06.png
Lannister,LANNISTER_07,Carta Lannister 7,0,assets/cards/lannister/LANNISTER_07.png
Baratheon,BARATHEON_01,Carta Baratheon 1,4,assets/cards/baratheon/BARATHEON_01.png
Baratheon,BARATHEON_02,Carta Baratheon 2,3,assets/cards/baratheon/BARATHEON_02.png
Baratheon,BARATHEON_03,Carta Baratheon 3,2,assets/cards/baratheon/BARATHEON_03.png
Baratheon,BARATHEON_04,Carta Baratheon 4,2,assets/cards/baratheon/BARATHEON_04.png
Baratheon,BARATHEON_05,Carta Baratheon 5,1,assets/cards/baratheon/BARATHEON_05.png
Baratheon,BARATHEON_06,Carta Baratheon 6,1,assets/cards/baratheon/BARATHEON_06.png
Baratheon,BARATHEON_07,Carta Baratheon 7,0,assets/cards/baratheon/BARATHEON_07.png
Greyjoy,GREYJOY_01,Carta Greyjoy 1,4,assets/cards/greyjoy/GREYJOY_01.png
Greyjoy,GREYJOY_02,Carta Greyjoy 2,3,assets/cards/greyjoy/GREYJOY_02.png
Greyjoy,GREYJOY_03,Carta Greyjoy 3,2,assets/cards/greyjoy/GREYJOY_03.png
Greyjoy,GREYJOY_04,Carta Greyjoy 4,2,assets/cards/greyjoy/GREYJOY_04.png
Greyjoy,GREYJOY_05,Carta Greyjoy 5,1,assets/cards/greyjoy/GREYJOY_05.png
Greyjoy,GREYJOY_06,Carta Greyjoy 6,1,assets/cards/greyjoy/GREYJOY_06.png
Greyjoy,GREYJOY_07,Carta Greyjoy 7,0,assets/cards/greyjoy/GREYJOY_07.png
Tyrell,TYRELL_01,Carta Tyrell 1,4,assets/cards/tyrell/TYRELL_01.png
Tyrell,TYRELL_02,Carta Tyrell 2,3,assets/cards/tyrell/TYRELL_02.png
Tyrell,TYRELL_03,Carta Tyrell 3,2,assets/cards/tyrell/TYRELL_03.png
Tyrell,TYRELL_04,Carta Tyrell 4,2,assets/cards/tyrell/TYRELL_04.png
Tyrell,TYRELL_05,Carta Tyrell 5,1,assets/cards/tyrell/TYRELL_05.png
Tyrell,TYRELL_06,Carta Tyrell 6,1,assets/cards/tyrell/TYRELL_06.png
Tyrell,TYRELL_07,Carta Tyrell 7,0,assets/cards/tyrell/TYRELL_07.png
Martell,MARTELL_01,Carta Martell 1,4,assets/cards/martell/MARTELL_01.png
Martell,MARTELL_02,Carta Martell 2,3,assets/cards/martell/MARTELL_02.png
Martell,MARTELL_03,Carta Martell 3,2,assets/cards/martell/MARTELL_03.png
Martell,MARTELL_04,Carta Martell 4,2,assets/cards/martell/MARTELL_04.png
Martell,MARTELL_05,Carta Martell 5,1,assets/cards/martell/MARTELL_05.png
Martell,MARTELL_06,Carta Martell 6,1,assets/cards/martell/MARTELL_06.png
Martell,MARTELL_07,Carta Martell 7,0,assets/cards/martell/MARTELL_07.png
