game_id,house,card_id,status,mandatory,last_used
20261006-181951-f1a4b5,Stark,STARK_01,AVAILABLE,False,
20261006-181951-f1a4b5,Stark,STARK_02,AVAILABLE,False,
20261006-181951-f1a4b5,Stark,STARK_03,AVAILABLE,False,
20261006-181951-f1a4b5,Stark,STARK_04,AVAILABLE,False,
20261006-181951-f1a4b5,Stark,STARK_05,AVAILABLE,False,
20261006-181951-f1a4b5,Stark,STARK_06,AVAILABLE,False,
20261006-181951-f1a4b5,Stark,STARK_07,AVAILABLE,False,
20261006-181951-f1a4b5,Lannister,LANNISTER_01,AVAILABLE,False,
20261006-181951-f1a4b5,Lannister,LANNISTER_02,AVAILABLE,False,
20261006-181951-f1a4b5,Lannister,LANNISTER_03,AVAILABLE,False,
20261006-181951-f1a4b5,Lannister,LANNISTER_04,AVAILABLE,False,
20261006-181951-f1a4b5,Lannister,LANNISTER_05,AVAILABLE,False,
20261006-181951-f1a4b5,Lannister,LANNISTER_06,AVAILABLE,False,
20261006-181951-f1a4b5,Lannister,LANNISTER_07,AVAILABLE,False,
20261006-181951-f1a4b5,Baratheon,BARATHEON_01,AVAILABLE,False,
20261006-181951-f1a4b5,Baratheon,BARATHEON_02,AVAILABLE,False,
20261006-181951-f1a4b5,Baratheon,BARATHEON_03,AVAILABLE,False,
20261006-181951-f1a4b5,Baratheon,BARATHEON_04,AVAILABLE,False,
20261006-181951-f1a4b5,Baratheon,BARATHEON_05,AVAILABLE,False,
20261006-181951-f1a4b5,Baratheon,BARATHEON_06,AVAILABLE,False,
20261006-181951-f1a4b5,Baratheon,BARATHEON_07,AVAILABLE,False,
20261006-181951-f1a4b5,Greyjoy,GREYJOY_01,AVAILABLE,False,
20261006-181951-f1a4b5,Greyjoy,GREYJOY_02,AVAILABLE,False,
20261006-181951-f1a4b5,Greyjoy,GREYJOY_03,AVAILABLE,False,
20261006-181951-f1a4b5,Greyjoy,GREYJOY_04,AVAILABLE,False,
20261006-181951-f1a4b5,Greyjoy,GREYJOY_05,AVAILABLE,False,
20261006-181951-f1a4b5,Greyjoy,GREYJOY_06,AVAILABLE,False,
20261006-181951-f1a4b5,Greyjoy,GREYJOY_07,AVAILABLE,False,
20261006-181951-f1a4b5,Tyrell,TYRELL_01,AVAILABLE,False,
20261006-181951-f1a4b5,Tyrell,TYRELL_02,AVAILABLE,False,
20261006-181951-f1a4b5,Tyrell,TYRELL_03,AVAILABLE,False,
20261006-181951-f1a4b5,Tyrell,TYRELL_04,AVAILABLE,False,
20261006-181951-f1a4b5,Tyrell,TYRELL_05,AVAILABLE,False,
20261006-181951-f1a4b5,Tyrell,TYRELL_06,AVAILABLE,False,
20261006-181951-f1a4b5,Tyrell,TYRELL_07,AVAILABLE,False,
20261006-181951-f1a4b5,Martell,MARTELL_01,AVAILABLE,False,
20261006-181951-f1a4b5,Martell,MARTELL_02,AVAILABLE,False,
20261006-181951-f1a4b5,Martell,MARTELL_03,AVAILABLE,False,
20261006-181951-f1a4b5,Martell,MARTELL_04,AVAILABLE,False,
20261006-181951-f1a4b5,Martell,MARTELL_05,AVAILABLE,False,
20261006-181951-f1a4b5,Martell,MARTELL_06,AVAILABLE,False,
20261006-181951-f1a4b5,Martell,MARTELL_07,AVAILABLE,False,
